2025-06-24T15:53:36.224700,INFO,"Face at (266, 250, 218, 218) -> angry (0.3519)"
2025-06-24T15:53:36.226119,INFO,"Face at (278, 228, 215, 215) -> angry (0.5407)"
2025-06-24T15:53:36.236493,INFO,Emitted 1 prediction(s)
2025-06-24T15:53:36.233410,INFO,Emitted 1 prediction(s)
2025-06-24T15:53:36.240309,INFO,"Face at (165, 260, 94, 94) -> sad (0.4092)"
2025-06-24T15:53:36.246167,INFO,Emitted 1 prediction(s)
2025-06-24T15:53:36.333956,INFO,"Face at (257, 216, 204, 204) -> neutral (0.4910)"
2025-06-24T15:53:36.338996,INFO,Emitted 1 prediction(s)
2025-06-24T15:53:36.390395,INFO,"Face at (241, 211, 213, 213) -> neutral (0.8546)"
2025-06-24T15:53:36.394973,INFO,Emitted 1 prediction(s)
2025-06-24T15:53:36.726847,INFO,"Face at (178, 219, 226, 226) -> happy (0.4242)"
2025-06-24T15:53:36.729846,INFO,"Face at (277, 207, 230, 230) -> happy (0.6995)"
2025-06-24T15:53:36.751259,INFO,Emitted 1 prediction(s)
2025-06-24T15:53:36.756826,INFO,"Face at (178, 219, 226, 226) -> neutral (0.7428)"
2025-06-24T15:53:36.766095,INFO,"Face at (461, 208, 62, 62) -> neutral (0.5674)"
2025-06-24T15:53:36.762033,INFO,Emitted 1 prediction(s)
2025-06-24T15:53:36.784239,INFO,Emitted 1 prediction(s)
2025-06-24T15:53:36.868431,INFO,"Face at (464, 210, 56, 56) -> sad (0.3197)"
2025-06-24T15:53:36.861715,INFO,"Face at (464, 209, 58, 58) -> happy (0.2903)"
2025-06-24T15:53:36.887164,INFO,Emitted 1 prediction(s)
2025-06-24T15:53:36.889162,INFO,"Face at (438, 158, 33, 33) -> sad (0.3848)"
2025-06-24T15:53:36.902326,INFO,"Face at (267, 209, 227, 227) -> neutral (0.6147)"
2025-06-24T15:53:36.924204,INFO,"Face at (462, 208, 60, 60) -> happy (0.4028)"
2025-06-24T15:53:36.928427,INFO,Emitted 1 prediction(s)
2025-06-24T15:53:36.933252,INFO,"Face at (273, 220, 224, 224) -> neutral (0.7039)"
2025-06-24T15:53:36.938608,INFO,"Face at (464, 210, 56, 56) -> neutral (0.3767)"
2025-06-24T15:53:36.949686,INFO,"Face at (440, 161, 27, 27) -> sad (0.7075)"
2025-06-24T15:53:36.967640,INFO,Emitted 1 prediction(s)
2025-06-24T15:53:36.958621,INFO,Emitted 1 prediction(s)
2025-06-24T15:53:36.972152,INFO,"Face at (266, 196, 235, 235) -> angry (0.3711)"
2025-06-24T15:53:36.972152,INFO,"Face at (231, 202, 222, 222) -> neutral (0.7877)"
2025-06-24T15:53:36.986935,INFO,Emitted 1 prediction(s)
2025-06-24T15:53:36.990353,INFO,Emitted 1 prediction(s)
2025-06-24T15:53:37.022182,INFO,"Face at (266, 196, 235, 235) -> angry (0.5655)"
2025-06-24T15:53:37.040519,INFO,Emitted 1 prediction(s)
2025-06-24T15:53:37.047823,INFO,"Face at (261, 206, 232, 232) -> neutral (0.4782)"
2025-06-24T15:53:37.039522,INFO,"Face at (280, 212, 171, 171) -> neutral (0.5424)"
2025-06-24T15:53:37.047823,INFO,"Face at (296, 197, 219, 219) -> neutral (0.4658)"
2025-06-24T15:53:37.061398,INFO,Emitted 1 prediction(s)
2025-06-24T15:53:37.055648,INFO,"Face at (280, 212, 171, 171) -> neutral (0.4796)"
2025-06-24T15:53:37.059401,INFO,"Face at (296, 197, 219, 219) -> sad (0.4628)"
2025-06-24T15:53:37.063111,INFO,"Face at (293, 210, 205, 205) -> angry (0.5909)"
2025-06-24T15:53:37.073081,INFO,Emitted 1 prediction(s)
2025-06-24T15:53:37.066374,INFO,Emitted 1 prediction(s)
2025-06-24T15:53:37.079137,INFO,Emitted 1 prediction(s)
2025-06-24T15:53:37.086124,INFO,"Face at (280, 212, 171, 171) -> neutral (0.5771)"
2025-06-24T15:53:37.092222,INFO,Emitted 1 prediction(s)
2025-06-24T15:53:37.086845,INFO,"Face at (267, 222, 230, 230) -> neutral (0.5067)"
2025-06-24T15:53:37.095352,INFO,Emitted 1 prediction(s)
2025-06-24T15:53:37.103173,INFO,Emitted 1 prediction(s)
2025-06-24T15:53:37.108862,INFO,Emitted 1 prediction(s)
2025-06-24T15:53:37.152129,INFO,"Face at (280, 212, 171, 171) -> neutral (0.5822)"
2025-06-24T15:53:37.159254,INFO,Emitted 1 prediction(s)
2025-06-24T15:53:37.220188,INFO,"Face at (280, 212, 171, 171) -> fear (0.4832)"
2025-06-24T15:53:37.228204,INFO,Emitted 1 prediction(s)
2025-06-24T15:53:37.254154,INFO,"Face at (178, 219, 226, 226) -> neutral (0.8370)"
2025-06-24T15:53:37.260169,INFO,Emitted 2 prediction(s)
2025-06-24T15:53:37.268408,INFO,"Face at (206, 220, 208, 208) -> neutral (0.6339)"
2025-06-24T15:53:37.269406,INFO,"Face at (178, 219, 226, 226) -> neutral (0.8679)"
2025-06-24T15:53:37.274633,INFO,Emitted 2 prediction(s)
2025-06-24T15:53:37.276887,INFO,Emitted 2 prediction(s)
2025-06-24T15:53:37.281466,INFO,"Face at (464, 209, 58, 58) -> neutral (0.3432)"
2025-06-24T15:53:37.285476,INFO,Emitted 2 prediction(s)
2025-06-24T15:53:37.286498,INFO,"Face at (178, 219, 226, 226) -> neutral (0.8476)"
2025-06-24T15:53:37.291577,INFO,Emitted 2 prediction(s)
2025-06-24T15:53:38.606549,INFO,"Face at (288, 247, 141, 141) -> neutral (0.7564)"
2025-06-24T15:53:38.608547,INFO,Emitted 1 prediction(s)
2025-06-24T15:53:41.558905,INFO,"Face at (285, 246, 137, 137) -> happy (0.6051)"
2025-06-24T15:53:41.560905,INFO,Emitted 1 prediction(s)
2025-06-24T15:53:44.557547,INFO,"Face at (262, 249, 118, 118) -> neutral (0.3306)"
2025-06-24T15:53:44.559547,INFO,Emitted 1 prediction(s)
2025-06-24T15:53:47.570001,INFO,"Face at (189, 196, 199, 199) -> neutral (0.3859)"
2025-06-24T15:53:47.571998,INFO,Emitted 1 prediction(s)
2025-06-24T15:53:50.570511,INFO,"Face at (194, 187, 199, 199) -> angry (0.4722)"
2025-06-24T15:53:50.573535,INFO,Emitted 1 prediction(s)
2025-06-24T15:53:59.540368,INFO,"Face at (289, 186, 187, 187) -> angry (0.3904)"
2025-06-24T15:53:59.542371,INFO,Emitted 1 prediction(s)
2025-06-24T15:54:02.561701,INFO,"Face at (291, 191, 185, 185) -> neutral (0.4038)"
2025-06-24T15:54:02.565949,INFO,Emitted 1 prediction(s)
2025-06-24T15:54:05.551949,INFO,"Face at (225, 283, 80, 80) -> surprise (0.7953)"
2025-06-24T15:54:05.587239,INFO,"Face at (190, 214, 162, 162) -> surprise (0.7185)"
2025-06-24T15:54:05.589240,INFO,Emitted 2 prediction(s)
2025-06-24T15:54:08.549043,INFO,"Face at (180, 207, 157, 157) -> disgust (0.3760)"
2025-06-24T15:54:08.551046,INFO,Emitted 1 prediction(s)
2025-06-24T15:54:11.553120,INFO,"Face at (409, 186, 124, 124) -> surprise (0.8207)"
2025-06-24T15:54:11.587587,INFO,"Face at (207, 213, 141, 141) -> disgust (0.4916)"
2025-06-24T15:54:11.589919,INFO,Emitted 2 prediction(s)
2025-06-24T15:54:14.570622,INFO,"Face at (446, 152, 153, 153) -> angry (0.6449)"
2025-06-24T15:54:14.609699,INFO,"Face at (196, 214, 147, 147) -> neutral (0.4595)"
2025-06-24T15:54:14.611697,INFO,Emitted 2 prediction(s)
2025-06-24T15:54:17.558423,INFO,"Face at (493, 139, 120, 120) -> angry (0.6682)"
2025-06-24T15:54:17.595114,INFO,"Face at (205, 217, 141, 141) -> fear (0.5464)"
2025-06-24T15:54:17.597528,INFO,Emitted 2 prediction(s)
2025-06-24T15:54:20.550974,INFO,"Face at (427, 171, 162, 162) -> angry (0.7905)"
2025-06-24T15:54:20.589405,INFO,"Face at (234, 222, 151, 151) -> fear (0.5665)"
2025-06-24T15:54:20.591402,INFO,Emitted 2 prediction(s)
2025-06-24T15:54:23.550328,INFO,"Face at (466, 104, 141, 141) -> neutral (0.4738)"
2025-06-24T15:54:23.584969,INFO,"Face at (219, 217, 149, 149) -> neutral (0.5818)"
2025-06-24T15:54:23.585969,INFO,Emitted 2 prediction(s)
2025-06-24T15:54:26.561491,INFO,"Face at (221, 220, 148, 148) -> neutral (0.4580)"
2025-06-24T15:54:26.563492,INFO,Emitted 1 prediction(s)
2025-06-24T15:54:29.549387,INFO,"Face at (378, 214, 33, 33) -> sad (0.7324)"
2025-06-24T15:54:29.589686,INFO,"Face at (235, 221, 140, 140) -> neutral (0.4509)"
2025-06-24T15:54:29.591687,INFO,Emitted 2 prediction(s)
2025-06-24T15:54:32.552036,INFO,"Face at (468, 124, 106, 106) -> surprise (0.6754)"
2025-06-24T15:54:32.588302,INFO,"Face at (233, 218, 142, 142) -> neutral (0.5027)"
2025-06-24T15:54:32.591315,INFO,Emitted 2 prediction(s)
2025-06-24T15:54:35.570048,INFO,"Face at (120, 400, 66, 66) -> angry (0.5493)"
2025-06-24T15:54:35.612496,INFO,"Face at (241, 216, 141, 141) -> neutral (0.5354)"
2025-06-24T15:54:35.650951,INFO,"Face at (433, 149, 134, 134) -> angry (0.6553)"
2025-06-24T15:54:35.651954,INFO,Emitted 3 prediction(s)
2025-06-24T15:54:38.547102,INFO,"Face at (251, 217, 135, 135) -> happy (0.4067)"
2025-06-24T15:54:38.549101,INFO,Emitted 1 prediction(s)
2025-06-24T15:54:44.566582,INFO,"Face at (277, 214, 143, 143) -> happy (0.5340)"
2025-06-24T15:54:44.569322,INFO,Emitted 1 prediction(s)
2025-06-24T15:54:47.617461,INFO,"Face at (202, 224, 161, 161) -> neutral (0.7523)"
2025-06-24T15:54:47.620457,INFO,Emitted 1 prediction(s)
2025-06-24T15:54:50.571075,INFO,"Face at (213, 231, 154, 154) -> neutral (0.5192)"
2025-06-24T15:54:50.573583,INFO,Emitted 1 prediction(s)
2025-06-24T15:54:53.617488,INFO,"Face at (210, 230, 152, 152) -> angry (0.4376)"
2025-06-24T15:54:53.621507,INFO,Emitted 1 prediction(s)
2025-06-24T15:54:56.713975,INFO,"Face at (244, 252, 125, 125) -> neutral (0.5263)"
2025-06-24T15:54:56.716977,INFO,Emitted 1 prediction(s)
2025-06-24T15:54:59.639278,INFO,"Face at (231, 250, 130, 130) -> neutral (0.5588)"
2025-06-24T15:54:59.642276,INFO,Emitted 1 prediction(s)
2025-06-24T15:55:02.569907,INFO,"Face at (252, 241, 84, 84) -> neutral (0.3259)"
2025-06-24T15:55:02.571963,INFO,Emitted 1 prediction(s)
2025-06-24T15:55:05.555391,INFO,"Face at (198, 239, 125, 125) -> happy (0.4225)"
2025-06-24T15:55:05.557393,INFO,Emitted 1 prediction(s)
2025-06-24T15:55:08.551221,INFO,"Face at (234, 247, 89, 89) -> neutral (0.6573)"
2025-06-24T15:55:08.553366,INFO,Emitted 1 prediction(s)
2025-06-24T15:55:11.567134,INFO,"Face at (153, 225, 106, 106) -> happy (0.6087)"
2025-06-24T15:55:11.570147,INFO,Emitted 1 prediction(s)
2025-06-24T15:55:14.553983,INFO,"Face at (189, 225, 109, 109) -> happy (0.4186)"
2025-06-24T15:55:14.555984,INFO,Emitted 1 prediction(s)
2025-06-24T15:55:17.565840,INFO,"Face at (184, 158, 204, 204) -> angry (0.2482)"
2025-06-24T15:55:17.567869,INFO,Emitted 1 prediction(s)
2025-06-24T15:55:20.559676,INFO,"Face at (186, 186, 166, 166) -> angry (0.6954)"
2025-06-24T15:55:20.562192,INFO,Emitted 1 prediction(s)
2025-06-24T15:55:26.561210,INFO,"Face at (220, 182, 140, 140) -> neutral (0.3323)"
2025-06-24T15:55:26.562241,INFO,Emitted 1 prediction(s)
2025-06-24T15:55:29.573410,INFO,"Face at (270, 238, 53, 53) -> fear (0.6223)"
2025-06-24T15:55:29.612001,INFO,"Face at (215, 177, 128, 128) -> fear (0.4567)"
2025-06-24T15:55:29.614009,INFO,Emitted 2 prediction(s)
2025-06-24T15:55:32.563427,INFO,"Face at (226, 191, 118, 118) -> surprise (0.7413)"
2025-06-24T15:55:32.565432,INFO,Emitted 1 prediction(s)
2025-06-24T15:55:35.559893,INFO,"Face at (168, 204, 111, 111) -> angry (0.3661)"
2025-06-24T15:55:35.562929,INFO,Emitted 1 prediction(s)
2025-06-24T15:55:38.556289,INFO,"Face at (102, 218, 119, 119) -> surprise (0.2519)"
2025-06-24T15:55:38.558289,INFO,Emitted 1 prediction(s)
2025-06-24T15:55:41.568164,INFO,"Face at (143, 219, 115, 115) -> neutral (0.2989)"
2025-06-24T15:55:41.570163,INFO,Emitted 1 prediction(s)
2025-06-24T15:55:44.552978,INFO,"Face at (514, 315, 104, 104) -> neutral (0.4251)"
2025-06-24T15:55:44.588846,INFO,"Face at (240, 220, 117, 117) -> neutral (0.4766)"
2025-06-24T15:55:44.589847,INFO,Emitted 2 prediction(s)
2025-06-24T15:55:47.572149,INFO,"Face at (491, 322, 137, 137) -> neutral (0.4928)"
2025-06-24T15:55:47.612148,INFO,"Face at (210, 207, 111, 111) -> neutral (0.3972)"
2025-06-24T15:55:47.614156,INFO,Emitted 2 prediction(s)
2025-06-24T15:55:50.565070,INFO,"Face at (225, 216, 118, 118) -> angry (0.4310)"
2025-06-24T15:55:50.567579,INFO,Emitted 1 prediction(s)
2025-06-24T15:55:53.559830,INFO,"Face at (527, 318, 108, 108) -> surprise (0.7364)"
2025-06-24T15:55:53.599204,INFO,"Face at (222, 213, 115, 115) -> neutral (0.4209)"
2025-06-24T15:55:53.601205,INFO,Emitted 2 prediction(s)
2025-06-24T15:55:56.555518,INFO,"Face at (218, 218, 111, 111) -> neutral (0.5602)"
2025-06-24T15:55:56.556748,INFO,Emitted 1 prediction(s)
2025-06-24T15:55:59.558251,INFO,"Face at (520, 305, 103, 103) -> angry (0.3954)"
2025-06-24T15:55:59.593728,INFO,"Face at (209, 218, 114, 114) -> neutral (0.6423)"
2025-06-24T15:55:59.595736,INFO,Emitted 2 prediction(s)
2025-06-24T15:56:02.544539,INFO,"Face at (212, 217, 120, 120) -> neutral (0.6395)"
2025-06-24T15:56:02.546538,INFO,Emitted 1 prediction(s)
2025-06-24T15:56:05.557998,INFO,"Face at (191, 222, 113, 113) -> neutral (0.4477)"
2025-06-24T15:56:05.560049,INFO,Emitted 1 prediction(s)
2025-06-24T15:56:08.567137,INFO,"Face at (197, 212, 121, 121) -> neutral (0.5553)"
2025-06-24T15:56:08.569665,INFO,Emitted 1 prediction(s)
2025-06-24T15:56:11.551916,INFO,"Face at (181, 220, 118, 118) -> neutral (0.4954)"
2025-06-24T15:56:11.553924,INFO,Emitted 1 prediction(s)
2025-06-24T15:56:14.561284,INFO,"Face at (181, 220, 120, 120) -> neutral (0.3574)"
2025-06-24T15:56:14.562294,INFO,Emitted 1 prediction(s)
2025-06-24T15:56:17.559821,INFO,"Face at (183, 218, 117, 117) -> neutral (0.5171)"
2025-06-24T15:56:17.563890,INFO,Emitted 1 prediction(s)
2025-06-24T15:56:20.557471,INFO,"Face at (184, 219, 119, 119) -> neutral (0.5194)"
2025-06-24T15:56:20.559469,INFO,Emitted 1 prediction(s)
2025-06-24T15:56:23.566592,INFO,"Face at (210, 214, 113, 113) -> disgust (0.5335)"
2025-06-24T15:56:23.569596,INFO,Emitted 1 prediction(s)
2025-06-24T15:56:26.560015,INFO,"Face at (395, 226, 106, 106) -> fear (0.2632)"
2025-06-24T15:56:26.596879,INFO,"Face at (200, 218, 116, 116) -> angry (0.6177)"
2025-06-24T15:56:26.633843,INFO,"Face at (429, 208, 127, 127) -> happy (0.5585)"
2025-06-24T15:56:26.637361,INFO,Emitted 3 prediction(s)
2025-06-24T15:56:29.553848,INFO,"Face at (207, 206, 136, 136) -> neutral (0.3875)"
2025-06-24T15:56:29.555819,INFO,Emitted 1 prediction(s)
2025-06-24T15:56:32.557113,INFO,"Face at (210, 271, 98, 98) -> angry (0.4555)"
2025-06-24T15:56:32.596059,INFO,"Face at (180, 194, 189, 189) -> fear (0.4135)"
2025-06-24T15:56:32.598060,INFO,Emitted 2 prediction(s)
2025-06-24T15:56:35.560197,INFO,"Face at (196, 214, 182, 182) -> angry (0.3514)"
2025-06-24T15:56:35.562355,INFO,Emitted 1 prediction(s)
2025-06-24T15:56:38.558537,INFO,"Face at (187, 256, 222, 222) -> neutral (0.3718)"
2025-06-24T15:56:38.560539,INFO,Emitted 1 prediction(s)
2025-06-24T15:56:41.542904,INFO,"Face at (261, 240, 115, 115) -> fear (0.4517)"
2025-06-24T15:56:41.544906,INFO,Emitted 1 prediction(s)
2025-06-24T15:56:44.555437,INFO,"Face at (143, 192, 242, 242) -> sad (0.5335)"
2025-06-24T15:56:44.557445,INFO,Emitted 1 prediction(s)
2025-06-24T15:56:47.569187,INFO,"Face at (143, 213, 241, 241) -> fear (0.3470)"
2025-06-24T15:56:47.570193,INFO,Emitted 1 prediction(s)
2025-06-24T15:56:50.561553,INFO,"Face at (229, 198, 166, 166) -> neutral (0.5158)"
2025-06-24T15:56:50.562976,INFO,Emitted 1 prediction(s)
2025-06-24T15:56:53.556618,INFO,"Face at (213, 228, 133, 133) -> neutral (0.2811)"
2025-06-24T15:56:53.558620,INFO,Emitted 1 prediction(s)
2025-06-24T15:56:56.563517,INFO,"Face at (230, 233, 110, 110) -> fear (0.7282)"
2025-06-24T15:56:56.565517,INFO,Emitted 1 prediction(s)
2025-06-24T15:56:59.562144,INFO,"Face at (151, 202, 221, 221) -> happy (0.5951)"
2025-06-24T15:56:59.565235,INFO,Emitted 1 prediction(s)
2025-06-24T15:57:02.561516,INFO,"Face at (214, 198, 146, 146) -> disgust (0.3829)"
2025-06-24T15:57:02.563034,INFO,Emitted 1 prediction(s)
2025-06-24T15:57:05.558016,INFO,"Face at (208, 203, 150, 150) -> sad (0.4096)"
2025-06-24T15:57:05.560016,INFO,Emitted 1 prediction(s)
2025-06-24T15:57:08.572965,INFO,"Face at (203, 209, 151, 151) -> fear (0.4060)"
2025-06-24T15:57:08.575970,INFO,Emitted 1 prediction(s)
2025-06-24T15:57:11.589128,INFO,"Face at (203, 212, 158, 158) -> sad (0.4609)"
2025-06-24T15:57:11.591131,INFO,Emitted 1 prediction(s)
2025-06-24T15:57:17.572891,INFO,"Face at (221, 197, 156, 156) -> disgust (0.2714)"
2025-06-24T15:57:17.574560,INFO,Emitted 1 prediction(s)
2025-06-24T15:57:20.561969,INFO,"Face at (216, 210, 137, 137) -> neutral (0.5498)"
2025-06-24T15:57:20.565078,INFO,Emitted 1 prediction(s)
2025-06-24T15:57:23.584062,INFO,"Face at (256, 216, 138, 138) -> neutral (0.4796)"
2025-06-24T15:57:23.586068,INFO,Emitted 1 prediction(s)
2025-06-24T15:57:26.549848,INFO,"Face at (214, 253, 118, 118) -> disgust (0.2591)"
2025-06-24T15:57:26.552927,INFO,Emitted 1 prediction(s)
2025-06-24T15:57:41.629167,INFO,"Face at (265, 211, 200, 200) -> neutral (0.7671)"
2025-06-24T15:57:41.631444,INFO,Emitted 1 prediction(s)
2025-06-24T15:57:44.664898,INFO,"Face at (279, 213, 201, 201) -> neutral (0.7873)"
2025-06-24T15:57:44.668237,INFO,Emitted 1 prediction(s)
2025-06-24T15:57:47.629393,INFO,"Face at (259, 212, 192, 192) -> neutral (0.6610)"
2025-06-24T15:57:47.631408,INFO,Emitted 1 prediction(s)
2025-06-24T15:57:50.628678,INFO,"Face at (238, 219, 236, 236) -> neutral (0.5802)"
2025-06-24T15:57:50.630681,INFO,Emitted 1 prediction(s)
2025-06-24T15:57:53.542922,INFO,"Face at (236, 245, 215, 215) -> neutral (0.4888)"
2025-06-24T15:57:53.545152,INFO,Emitted 1 prediction(s)
2025-06-24T15:57:56.545051,INFO,"Face at (245, 213, 193, 193) -> neutral (0.6196)"
2025-06-24T15:57:56.546248,INFO,Emitted 1 prediction(s)
2025-06-24T15:57:59.534675,INFO,"Face at (252, 194, 179, 179) -> fear (0.5134)"
2025-06-24T15:57:59.535622,INFO,Emitted 1 prediction(s)
2025-06-24T15:58:02.553880,INFO,"Face at (194, 197, 175, 175) -> sad (0.7318)"
2025-06-24T15:58:02.554890,INFO,Emitted 1 prediction(s)
2025-06-24T15:58:05.555608,INFO,"Face at (169, 232, 222, 222) -> neutral (0.5424)"
2025-06-24T15:58:05.557299,INFO,Emitted 1 prediction(s)
2025-06-24T15:58:08.561342,INFO,"Face at (173, 219, 194, 194) -> sad (0.3614)"
2025-06-24T15:58:08.562349,INFO,Emitted 1 prediction(s)
2025-06-24T15:58:11.555008,INFO,"Face at (219, 234, 225, 225) -> sad (0.4178)"
2025-06-24T15:58:11.557023,INFO,Emitted 1 prediction(s)
2025-06-24T15:58:14.557357,INFO,"Face at (154, 215, 250, 250) -> happy (0.7475)"
2025-06-24T15:58:14.558355,INFO,Emitted 1 prediction(s)
2025-06-24T15:58:17.552773,INFO,"Face at (164, 214, 209, 209) -> neutral (0.4405)"
2025-06-24T15:58:17.554845,INFO,Emitted 1 prediction(s)
2025-06-24T15:58:20.551400,INFO,"Face at (65, 186, 214, 214) -> fear (0.5680)"
2025-06-24T15:58:20.553913,INFO,Emitted 1 prediction(s)
2025-06-24T15:58:23.600369,INFO,"Face at (263, 232, 145, 145) -> surprise (0.5192)"
2025-06-24T15:58:23.602374,INFO,Emitted 1 prediction(s)
2025-06-24T15:58:26.569936,INFO,"Face at (258, 214, 54, 54) -> fear (0.4028)"
2025-06-24T15:58:26.572462,INFO,Emitted 1 prediction(s)
2025-06-24T15:58:29.558996,INFO,"Face at (289, 297, 99, 99) -> sad (0.6781)"
2025-06-24T15:58:29.596344,INFO,"Face at (199, 209, 200, 200) -> neutral (0.4279)"
2025-06-24T15:58:29.598352,INFO,Emitted 2 prediction(s)
2025-06-24T15:58:35.537821,INFO,"Face at (171, 194, 200, 200) -> fear (0.4157)"
2025-06-24T15:58:35.539822,INFO,Emitted 1 prediction(s)
2025-06-24T15:58:38.541716,INFO,"Face at (196, 193, 203, 203) -> surprise (0.6080)"
2025-06-24T15:58:38.542715,INFO,Emitted 1 prediction(s)
2025-06-24T15:58:41.541743,INFO,"Face at (165, 231, 233, 233) -> neutral (0.7505)"
2025-06-24T15:58:41.542743,INFO,Emitted 1 prediction(s)
2025-06-24T15:58:44.554048,INFO,"Face at (240, 229, 137, 137) -> neutral (0.6806)"
2025-06-24T15:58:44.556115,INFO,Emitted 1 prediction(s)
2025-06-24T15:58:47.557675,INFO,"Face at (224, 208, 159, 159) -> neutral (0.7643)"
2025-06-24T15:58:47.559675,INFO,Emitted 1 prediction(s)
2025-06-24T15:58:50.547456,INFO,"Face at (230, 232, 139, 139) -> neutral (0.6547)"
2025-06-24T15:58:50.550459,INFO,Emitted 1 prediction(s)
2025-06-24T15:58:53.576315,INFO,"Face at (215, 216, 194, 194) -> sad (0.2516)"
2025-06-24T15:58:53.578321,INFO,Emitted 1 prediction(s)
2025-06-24T15:58:56.542901,INFO,"Face at (213, 235, 210, 210) -> neutral (0.6292)"
2025-06-24T15:58:56.544411,INFO,Emitted 1 prediction(s)
2025-06-24T15:58:59.539720,INFO,"Face at (190, 256, 54, 54) -> disgust (0.7403)"
2025-06-24T15:58:59.540753,INFO,Emitted 1 prediction(s)
2025-06-24T15:59:02.532887,INFO,"Face at (257, 201, 219, 219) -> neutral (0.6761)"
2025-06-24T15:59:02.533887,INFO,Emitted 1 prediction(s)
2025-06-24T15:59:11.588247,INFO,"Face at (301, 235, 103, 103) -> happy (0.7001)"
2025-06-24T15:59:11.590247,INFO,Emitted 1 prediction(s)
2025-06-24T15:59:14.562123,INFO,"Face at (261, 217, 111, 111) -> neutral (0.5799)"
2025-06-24T15:59:14.564653,INFO,Emitted 1 prediction(s)
2025-06-24T15:59:17.561892,INFO,"Face at (260, 187, 135, 135) -> neutral (0.4941)"
2025-06-24T15:59:17.563918,INFO,Emitted 1 prediction(s)
2025-06-24T15:59:20.570573,INFO,"Face at (204, 265, 176, 176) -> angry (0.7936)"
2025-06-24T15:59:20.573095,INFO,Emitted 1 prediction(s)
2025-06-24T15:59:23.562677,INFO,"Face at (239, 274, 157, 157) -> angry (0.7416)"
2025-06-24T15:59:23.564744,INFO,Emitted 1 prediction(s)
2025-06-24T15:59:26.559233,INFO,"Face at (222, 263, 156, 156) -> angry (0.3937)"
2025-06-24T15:59:26.561234,INFO,Emitted 1 prediction(s)
2025-06-24T15:59:29.540851,INFO,"Face at (217, 261, 158, 158) -> angry (0.4932)"
2025-06-24T15:59:29.542853,INFO,Emitted 1 prediction(s)
2025-06-24T15:59:32.549812,INFO,"Face at (204, 265, 162, 162) -> neutral (0.6200)"
2025-06-24T15:59:32.551812,INFO,Emitted 1 prediction(s)
2025-06-24T15:59:35.549436,INFO,"Face at (213, 263, 156, 156) -> neutral (0.5410)"
2025-06-24T15:59:35.550445,INFO,Emitted 1 prediction(s)
2025-06-24T15:59:38.584184,INFO,"Face at (199, 268, 160, 160) -> neutral (0.6040)"
2025-06-24T15:59:38.586028,INFO,Emitted 1 prediction(s)
2025-06-24T15:59:41.544170,INFO,"Face at (163, 262, 169, 169) -> neutral (0.5219)"
2025-06-24T15:59:41.545697,INFO,Emitted 1 prediction(s)
2025-06-24T15:59:44.558825,INFO,"Face at (209, 249, 147, 147) -> happy (0.7932)"
2025-06-24T15:59:44.559825,INFO,Emitted 1 prediction(s)
2025-06-24T15:59:47.549760,INFO,"Face at (196, 279, 155, 155) -> neutral (0.7684)"
2025-06-24T15:59:47.550762,INFO,Emitted 1 prediction(s)
2025-06-24T15:59:50.558463,INFO,"Face at (212, 250, 151, 151) -> angry (0.2832)"
2025-06-24T15:59:50.580630,INFO,"Face at (139, 162, 209, 209) -> sad (0.6536)"
2025-06-24T15:59:50.582630,INFO,Emitted 2 prediction(s)
2025-06-24T15:59:53.577964,INFO,"Face at (180, 224, 213, 213) -> neutral (0.7055)"
2025-06-24T15:59:53.581027,INFO,Emitted 1 prediction(s)
2025-06-24T16:11:35.394585,INFO,Logging initialized.
2025-06-24T16:11:35.471115,INFO,Flask and SocketIO initialized.
2025-06-24T16:11:35.499113,INFO,Haar cascade loaded.
2025-06-24T16:11:35.778149,INFO,Model(V2).pth loaded into EfficientNet-B0 and set to eval mode.
2025-06-24T16:11:35.780513,INFO,Transform pipeline ready.
2025-06-24T16:11:45.094472,INFO,"Face at (206, 32, 105, 105) -> happy (0.5490)"
2025-06-24T16:11:45.096468,INFO,Emitted 1 prediction(s)
2025-06-24T16:11:48.069003,INFO,"Face at (194, 89, 95, 95) -> neutral (0.6800)"
2025-06-24T16:11:48.108699,INFO,"Face at (250, 268, 117, 117) -> neutral (0.6763)"
2025-06-24T16:11:48.110699,INFO,Emitted 2 prediction(s)
2025-06-24T16:11:51.077558,INFO,"Face at (191, 106, 96, 96) -> neutral (0.8471)"
2025-06-24T16:11:51.079112,INFO,Emitted 1 prediction(s)
2025-06-24T16:11:54.081129,INFO,"Face at (192, 110, 95, 95) -> neutral (0.7695)"
2025-06-24T16:11:54.115210,INFO,"Face at (232, 246, 130, 130) -> neutral (0.4038)"
2025-06-24T16:11:54.117175,INFO,Emitted 2 prediction(s)
2025-06-24T16:12:00.099143,INFO,"Face at (248, 247, 114, 114) -> neutral (0.4590)"
2025-06-24T16:12:00.102166,INFO,Emitted 1 prediction(s)
2025-06-24T16:12:06.089911,INFO,"Face at (167, 75, 118, 118) -> neutral (0.6638)"
2025-06-24T16:12:06.091913,INFO,Emitted 1 prediction(s)
2025-06-24T16:12:09.099065,INFO,"Face at (248, 254, 116, 116) -> neutral (0.5841)"
2025-06-24T16:12:09.136921,INFO,"Face at (197, 5, 94, 94) -> neutral (0.6034)"
2025-06-24T16:12:09.138919,INFO,Emitted 2 prediction(s)
2025-06-24T16:12:18.076387,INFO,"Face at (216, 232, 105, 105) -> happy (0.7324)"
2025-06-24T16:12:18.081767,INFO,Emitted 1 prediction(s)
2025-06-24T16:12:24.081799,INFO,"Face at (215, 238, 104, 104) -> neutral (0.3034)"
2025-06-24T16:12:24.084465,INFO,Emitted 1 prediction(s)
2025-06-24T16:12:27.100565,INFO,"Face at (229, 243, 101, 101) -> neutral (0.5565)"
2025-06-24T16:12:27.140056,INFO,"Face at (51, 193, 78, 78) -> sad (0.7218)"
2025-06-24T16:12:27.176108,INFO,"Face at (183, 3, 85, 85) -> neutral (0.7200)"
2025-06-24T16:12:27.178099,INFO,Emitted 3 prediction(s)
2025-06-24T16:12:30.081067,INFO,"Face at (229, 253, 88, 88) -> neutral (0.7501)"
2025-06-24T16:12:30.120026,INFO,"Face at (470, 277, 98, 98) -> neutral (0.3860)"
2025-06-24T16:12:30.123020,INFO,Emitted 2 prediction(s)
2025-06-24T16:12:36.076125,INFO,"Face at (223, 260, 102, 102) -> neutral (0.5604)"
2025-06-24T16:12:36.129934,INFO,"Face at (120, 25, 89, 89) -> neutral (0.7255)"
2025-06-24T16:12:36.132936,INFO,Emitted 2 prediction(s)
2025-06-24T16:12:39.079235,INFO,"Face at (235, 254, 88, 88) -> neutral (0.5222)"
2025-06-24T16:12:39.123612,INFO,"Face at (101, 52, 106, 106) -> angry (0.7021)"
2025-06-24T16:12:39.125613,INFO,Emitted 2 prediction(s)
2025-06-24T16:12:42.069455,INFO,"Face at (215, 247, 108, 108) -> neutral (0.4694)"
2025-06-24T16:12:42.108525,INFO,"Face at (120, 2, 78, 78) -> neutral (0.8328)"
2025-06-24T16:12:42.110525,INFO,Emitted 2 prediction(s)
2025-06-24T16:12:45.098241,INFO,"Face at (47, 117, 81, 81) -> sad (0.6861)"
2025-06-24T16:12:45.132393,INFO,"Face at (172, 3, 78, 78) -> neutral (0.7216)"
2025-06-24T16:12:45.135405,INFO,Emitted 2 prediction(s)
2025-06-24T16:12:48.072326,INFO,"Face at (156, 257, 126, 126) -> neutral (0.6019)"
2025-06-24T16:12:48.074328,INFO,Emitted 1 prediction(s)
2025-06-24T16:12:51.095219,INFO,"Face at (369, 256, 107, 107) -> neutral (0.6268)"
2025-06-24T16:12:51.097210,INFO,Emitted 1 prediction(s)
2025-06-24T16:12:54.087908,INFO,"Face at (197, 255, 117, 117) -> neutral (0.3932)"
2025-06-24T16:12:54.089909,INFO,Emitted 1 prediction(s)
2025-06-24T16:12:57.077927,INFO,"Face at (236, 258, 115, 115) -> neutral (0.5387)"
2025-06-24T16:12:57.081932,INFO,Emitted 1 prediction(s)
2025-06-24T16:13:00.076267,INFO,"Face at (289, 262, 126, 126) -> neutral (0.7228)"
2025-06-24T16:13:00.078266,INFO,Emitted 1 prediction(s)
2025-06-24T16:13:06.096414,INFO,"Face at (316, 253, 114, 114) -> happy (0.7365)"
2025-06-24T16:13:06.097413,INFO,Emitted 1 prediction(s)
2025-06-24T16:13:09.092771,INFO,"Face at (447, 265, 52, 52) -> neutral (0.2680)"
2025-06-24T16:13:09.094775,INFO,Emitted 1 prediction(s)
2025-06-24T16:13:21.130689,INFO,"Face at (307, 7, 92, 92) -> neutral (0.5035)"
2025-06-24T16:13:21.198672,INFO,"Face at (417, 317, 51, 51) -> happy (0.2594)"
2025-06-24T16:13:21.202675,INFO,Emitted 2 prediction(s)
2025-06-24T21:13:31.254078,INFO,Logging initialized.
2025-06-24T21:13:31.504242,INFO,Flask and SocketIO initialized.
2025-06-24T21:13:31.544109,INFO,Haar cascade loaded.
2025-06-24T21:13:31.841322,INFO,Model(V2).pth loaded into EfficientNet-B0 and set to eval mode.
2025-06-24T21:13:31.842447,INFO,Transform pipeline ready.
2025-06-24T21:13:55.135217,INFO,"Face at (143, 207, 104, 104) -> neutral (0.6304)"
2025-06-24T21:13:55.137245,INFO,Emitted 1 prediction(s)
2025-06-24T21:13:58.036969,INFO,"Face at (152, 217, 101, 101) -> neutral (0.6357)"
2025-06-24T21:13:58.040974,INFO,Emitted 1 prediction(s)
2025-06-24T21:14:01.087292,INFO,"Face at (144, 218, 100, 100) -> neutral (0.4088)"
2025-06-24T21:14:01.090290,INFO,Emitted 1 prediction(s)
2025-06-24T21:14:04.046629,INFO,"Face at (423, 93, 27, 27) -> sad (0.5032)"
2025-06-24T21:14:04.090337,INFO,"Face at (420, 214, 27, 27) -> sad (0.5739)"
2025-06-24T21:14:04.093858,INFO,Emitted 2 prediction(s)
2025-06-24T21:14:07.086103,INFO,"Face at (121, 226, 97, 97) -> neutral (0.5648)"
2025-06-24T21:14:07.088112,INFO,Emitted 1 prediction(s)
2025-06-24T21:14:10.052425,INFO,"Face at (122, 225, 98, 98) -> neutral (0.7557)"
2025-06-24T21:14:10.054941,INFO,Emitted 1 prediction(s)
2025-06-24T21:14:13.042422,INFO,"Face at (424, 29, 28, 28) -> sad (0.7176)"
2025-06-24T21:14:13.044939,INFO,Emitted 1 prediction(s)
2025-06-24T21:14:16.053871,INFO,"Face at (424, 93, 27, 27) -> sad (0.4625)"
2025-06-24T21:14:16.097595,INFO,"Face at (424, 28, 29, 29) -> sad (0.7418)"
2025-06-24T21:14:16.144098,INFO,"Face at (298, 128, 55, 55) -> sad (0.5041)"
2025-06-24T21:14:16.149107,INFO,Emitted 3 prediction(s)
2025-06-24T21:14:19.045669,INFO,"Face at (171, 184, 107, 107) -> neutral (0.4208)"
2025-06-24T21:14:19.047643,INFO,Emitted 1 prediction(s)
2025-06-24T21:14:22.037266,INFO,"Face at (127, 278, 56, 56) -> sad (0.4008)"
2025-06-24T21:14:22.039265,INFO,Emitted 1 prediction(s)
2025-06-24T21:14:25.073976,INFO,"Face at (29, 192, 136, 136) -> neutral (0.6730)"
2025-06-24T21:14:25.075988,INFO,Emitted 1 prediction(s)
2025-06-24T21:14:28.056040,INFO,"Face at (234, 336, 56, 56) -> happy (0.3931)"
2025-06-24T21:14:28.093951,INFO,"Face at (51, 194, 121, 121) -> surprise (0.7891)"
2025-06-24T21:14:28.095968,INFO,Emitted 2 prediction(s)
2025-06-24T21:14:31.059426,INFO,"Face at (424, 28, 28, 28) -> sad (0.7725)"
2025-06-24T21:14:31.099575,INFO,"Face at (423, 93, 27, 27) -> sad (0.6018)"
2025-06-24T21:14:31.102148,INFO,Emitted 2 prediction(s)
2025-06-24T21:14:34.041293,INFO,"Face at (232, 333, 58, 58) -> sad (0.2714)"
2025-06-24T21:14:34.080295,INFO,"Face at (39, 174, 126, 126) -> neutral (0.6418)"
2025-06-24T21:14:34.082299,INFO,Emitted 2 prediction(s)
2025-06-24T21:14:37.040406,INFO,"Face at (478, 206, 126, 126) -> sad (0.3664)"
2025-06-24T21:14:37.082399,INFO,"Face at (424, 28, 29, 29) -> sad (0.5969)"
2025-06-24T21:14:37.119871,INFO,"Face at (151, 179, 115, 115) -> neutral (0.4652)"
2025-06-24T21:14:37.122875,INFO,Emitted 3 prediction(s)
2025-06-24T21:14:40.027380,INFO,"Face at (92, 190, 124, 124) -> neutral (0.6590)"
2025-06-24T21:14:40.067310,INFO,"Face at (422, 93, 28, 28) -> sad (0.6060)"
2025-06-24T21:14:40.068309,INFO,Emitted 2 prediction(s)
2025-06-24T21:14:43.025907,INFO,"Face at (423, 93, 28, 28) -> sad (0.6194)"
2025-06-24T21:14:43.027907,INFO,Emitted 1 prediction(s)
2025-06-24T21:14:46.067952,INFO,"Face at (86, 161, 138, 138) -> surprise (0.8059)"
2025-06-24T21:14:46.069928,INFO,Emitted 1 prediction(s)
2025-06-24T21:14:49.042902,INFO,"Face at (84, 162, 127, 127) -> neutral (0.2802)"
2025-06-24T21:14:49.045466,INFO,Emitted 1 prediction(s)
2025-06-24T21:14:52.042431,INFO,"Face at (104, 172, 113, 113) -> happy (0.6646)"
2025-06-24T21:14:52.083175,INFO,"Face at (423, 92, 28, 28) -> sad (0.6719)"
2025-06-24T21:14:52.085282,INFO,Emitted 2 prediction(s)
2025-06-24T21:14:55.048836,INFO,"Face at (424, 28, 29, 29) -> sad (0.7184)"
2025-06-24T21:14:55.096068,INFO,"Face at (100, 190, 120, 120) -> neutral (0.5524)"
2025-06-24T21:14:55.138370,INFO,"Face at (423, 92, 28, 28) -> sad (0.5552)"
2025-06-24T21:14:55.141382,INFO,Emitted 3 prediction(s)
2025-06-24T21:14:58.072441,INFO,"Face at (100, 187, 121, 121) -> neutral (0.8283)"
2025-06-24T21:14:58.114784,INFO,"Face at (422, 92, 29, 29) -> sad (0.4426)"
2025-06-24T21:14:58.156029,INFO,"Face at (264, 308, 61, 61) -> sad (0.3131)"
2025-06-24T21:14:58.158044,INFO,Emitted 3 prediction(s)
2025-06-24T21:15:01.067473,INFO,"Face at (424, 28, 29, 29) -> sad (0.5750)"
2025-06-24T21:15:01.069733,INFO,Emitted 1 prediction(s)
2025-06-24T21:15:07.050930,INFO,"Face at (424, 28, 29, 29) -> sad (0.7802)"
2025-06-24T21:15:07.093153,INFO,"Face at (423, 92, 28, 28) -> sad (0.6845)"
2025-06-24T21:15:07.132276,INFO,"Face at (216, 176, 129, 129) -> neutral (0.3337)"
2025-06-24T21:15:07.135830,INFO,Emitted 3 prediction(s)
2025-06-24T21:15:13.050634,INFO,"Face at (422, 92, 29, 29) -> sad (0.5486)"
2025-06-24T21:15:13.053132,INFO,Emitted 1 prediction(s)
2025-06-24T21:15:16.083901,INFO,"Face at (189, 165, 114, 114) -> sad (0.3556)"
2025-06-24T21:15:16.085908,INFO,Emitted 1 prediction(s)
2025-06-24T21:15:22.077994,INFO,"Face at (243, 339, 51, 51) -> sad (0.3420)"
2025-06-24T21:15:22.080003,INFO,Emitted 1 prediction(s)
2025-06-24T21:15:25.043749,INFO,"Face at (423, 92, 27, 27) -> sad (0.5692)"
2025-06-24T21:15:25.045756,INFO,Emitted 1 prediction(s)
2025-06-24T21:15:28.062667,INFO,"Face at (184, 196, 127, 127) -> happy (0.4368)"
2025-06-24T21:15:28.065235,INFO,Emitted 1 prediction(s)
2025-06-24T21:15:31.040434,INFO,"Face at (173, 297, 55, 55) -> sad (0.5604)"
2025-06-24T21:15:31.042434,INFO,Emitted 1 prediction(s)
2025-06-24T21:15:37.037329,INFO,"Face at (185, 257, 57, 57) -> fear (0.3427)"
2025-06-24T21:15:37.079725,INFO,"Face at (170, 201, 127, 127) -> neutral (0.3599)"
2025-06-24T21:15:37.081724,INFO,Emitted 2 prediction(s)
2025-06-24T21:15:40.027125,INFO,"Face at (423, 92, 29, 29) -> sad (0.5415)"
2025-06-24T21:15:40.029115,INFO,Emitted 1 prediction(s)
2025-06-24T21:15:46.068091,INFO,"Face at (423, 93, 28, 28) -> sad (0.5961)"
2025-06-24T21:15:46.070092,INFO,Emitted 1 prediction(s)
2025-06-24T21:15:49.064782,INFO,"Face at (174, 181, 124, 124) -> neutral (0.3573)"
2025-06-24T21:15:49.066791,INFO,Emitted 1 prediction(s)
2025-06-24T21:15:52.048222,INFO,"Face at (176, 189, 129, 129) -> neutral (0.2785)"
2025-06-24T21:15:52.050231,INFO,Emitted 1 prediction(s)
2025-06-24T21:15:55.072388,INFO,"Face at (184, 184, 126, 126) -> neutral (0.4560)"
2025-06-24T21:15:55.073898,INFO,Emitted 1 prediction(s)
2025-06-24T21:15:58.051020,INFO,"Face at (193, 190, 111, 111) -> happy (0.7201)"
2025-06-24T21:15:58.053020,INFO,Emitted 1 prediction(s)
2025-06-24T21:16:01.039997,INFO,"Face at (193, 194, 127, 127) -> neutral (0.4764)"
2025-06-24T21:16:01.093947,INFO,"Face at (423, 92, 28, 28) -> sad (0.6057)"
2025-06-24T21:16:01.096957,INFO,Emitted 2 prediction(s)
2025-06-24T21:16:07.042318,INFO,"Face at (203, 172, 128, 128) -> fear (0.5664)"
2025-06-24T21:16:07.084118,INFO,"Face at (297, 128, 56, 56) -> sad (0.5743)"
2025-06-24T21:16:07.085361,INFO,Emitted 2 prediction(s)
2025-06-24T21:16:29.899074,INFO,Logging initialized.
2025-06-24T21:16:29.971352,INFO,Flask and SocketIO initialized.
2025-06-24T21:16:29.994968,INFO,Haar cascade loaded.
2025-06-24T21:16:30.231435,INFO,Model(V2).pth loaded into EfficientNet-B0 and set to eval mode.
2025-06-24T21:16:30.232434,INFO,Transform pipeline ready.
2025-06-24T21:16:38.071138,INFO,"Face at (422, 92, 29, 29) -> sad (0.5033)"
2025-06-24T21:16:38.161073,INFO,"Face at (299, 298, 66, 66) -> fear (0.6970)"
2025-06-24T21:16:38.164073,INFO,Emitted 2 prediction(s)
2025-06-24T21:16:38.211369,INFO,"Face at (291, 203, 154, 154) -> neutral (0.4329)"
2025-06-24T21:16:38.213878,INFO,Emitted 1 prediction(s)
2025-06-24T21:16:39.039291,INFO,"Face at (419, 214, 26, 26) -> sad (0.5309)"
2025-06-24T21:16:39.090996,INFO,"Face at (249, 173, 160, 160) -> neutral (0.4039)"
2025-06-24T21:16:39.093996,INFO,Emitted 2 prediction(s)
2025-06-24T21:16:39.491741,INFO,"Face at (424, 28, 29, 29) -> sad (0.6287)"
2025-06-24T21:16:39.534982,INFO,"Face at (261, 187, 132, 132) -> fear (0.3040)"
2025-06-24T21:16:39.537999,INFO,Emitted 2 prediction(s)
2025-06-24T21:16:40.065380,INFO,"Face at (256, 185, 143, 143) -> neutral (0.3138)"
2025-06-24T21:16:40.069384,INFO,Emitted 1 prediction(s)
2025-06-24T21:16:40.528243,INFO,"Face at (260, 191, 143, 143) -> neutral (0.4369)"
2025-06-24T21:16:40.531242,INFO,Emitted 1 prediction(s)
2025-06-24T21:16:41.046243,INFO,"Face at (243, 183, 162, 162) -> neutral (0.3761)"
2025-06-24T21:16:41.048235,INFO,Emitted 1 prediction(s)
2025-06-24T21:16:41.519978,INFO,"Face at (255, 192, 143, 143) -> neutral (0.3483)"
2025-06-24T21:16:41.521975,INFO,Emitted 1 prediction(s)
2025-06-24T21:16:42.003070,INFO,"Face at (256, 192, 143, 143) -> neutral (0.4148)"
2025-06-24T21:16:42.004573,INFO,Emitted 1 prediction(s)
2025-06-24T21:16:42.499283,INFO,"Face at (252, 189, 149, 149) -> neutral (0.3295)"
2025-06-24T21:16:42.501255,INFO,Emitted 1 prediction(s)
2025-06-24T21:16:43.019910,INFO,"Face at (256, 191, 143, 143) -> neutral (0.3517)"
2025-06-24T21:16:43.021911,INFO,Emitted 1 prediction(s)
2025-06-24T21:16:43.509382,INFO,"Face at (250, 191, 144, 144) -> neutral (0.3694)"
2025-06-24T21:16:43.569043,INFO,"Face at (423, 92, 28, 28) -> sad (0.5665)"
2025-06-24T21:16:43.571922,INFO,Emitted 2 prediction(s)
2025-06-24T21:16:44.027667,INFO,"Face at (249, 184, 150, 150) -> neutral (0.4001)"
2025-06-24T21:16:44.029636,INFO,Emitted 1 prediction(s)
2025-06-24T21:16:44.514137,INFO,"Face at (251, 177, 148, 148) -> fear (0.2829)"
2025-06-24T21:16:44.516429,INFO,Emitted 1 prediction(s)
2025-06-24T21:16:45.044655,INFO,"Face at (419, 214, 27, 27) -> sad (0.5664)"
2025-06-24T21:16:45.106433,INFO,"Face at (259, 180, 141, 141) -> fear (0.5774)"
2025-06-24T21:16:45.108426,INFO,Emitted 2 prediction(s)
2025-06-24T21:16:45.523895,INFO,"Face at (253, 182, 140, 140) -> happy (0.6317)"
2025-06-24T21:16:45.526513,INFO,Emitted 1 prediction(s)
2025-06-24T21:16:46.018296,INFO,"Face at (246, 188, 135, 135) -> happy (0.6118)"
2025-06-24T21:16:46.020294,INFO,Emitted 1 prediction(s)
2025-06-24T21:16:48.006257,INFO,"Face at (244, 204, 142, 142) -> surprise (0.2689)"
2025-06-24T21:16:48.008256,INFO,Emitted 1 prediction(s)
2025-06-24T21:16:48.507270,INFO,"Face at (423, 92, 28, 28) -> sad (0.6951)"
2025-06-24T21:16:48.548633,INFO,"Face at (248, 201, 139, 139) -> neutral (0.5550)"
2025-06-24T21:16:48.550623,INFO,Emitted 2 prediction(s)
2025-06-24T21:16:49.015081,INFO,"Face at (245, 191, 143, 143) -> neutral (0.3599)"
2025-06-24T21:16:49.017083,INFO,Emitted 1 prediction(s)
2025-06-24T21:16:49.535293,INFO,"Face at (252, 195, 144, 144) -> neutral (0.7427)"
2025-06-24T21:16:49.537292,INFO,Emitted 1 prediction(s)
2025-06-24T21:16:49.991230,INFO,"Face at (261, 204, 146, 146) -> neutral (0.7319)"
2025-06-24T21:16:49.993228,INFO,Emitted 1 prediction(s)
2025-06-24T21:16:50.511412,INFO,"Face at (264, 206, 147, 147) -> neutral (0.6865)"
2025-06-24T21:16:50.512413,INFO,Emitted 1 prediction(s)
2025-06-24T21:16:51.020901,INFO,"Face at (277, 283, 61, 61) -> fear (0.5107)"
2025-06-24T21:16:51.022903,INFO,Emitted 1 prediction(s)
2025-06-24T21:16:51.507949,INFO,"Face at (420, 214, 26, 26) -> sad (0.6487)"
2025-06-24T21:16:51.511951,INFO,Emitted 1 prediction(s)
2025-06-24T21:16:52.033846,INFO,"Face at (280, 289, 58, 58) -> sad (0.3719)"
2025-06-24T21:16:52.089910,INFO,"Face at (423, 92, 28, 28) -> sad (0.7206)"
2025-06-24T21:16:52.091944,INFO,Emitted 2 prediction(s)
2025-06-24T21:16:52.513065,INFO,"Face at (282, 285, 63, 63) -> neutral (0.4363)"
2025-06-24T21:16:52.514611,INFO,Emitted 1 prediction(s)
2025-06-24T21:16:53.514420,INFO,"Face at (423, 93, 27, 27) -> sad (0.5525)"
2025-06-24T21:16:53.558534,INFO,"Face at (275, 287, 62, 62) -> fear (0.3288)"
2025-06-24T21:16:53.560569,INFO,Emitted 2 prediction(s)
2025-06-24T21:16:54.012065,INFO,"Face at (272, 287, 65, 65) -> fear (0.3285)"
2025-06-24T21:16:54.062125,INFO,"Face at (262, 220, 142, 142) -> neutral (0.7593)"
2025-06-24T21:16:54.065331,INFO,Emitted 2 prediction(s)
2025-06-24T21:16:54.513997,INFO,"Face at (423, 93, 27, 27) -> sad (0.6006)"
2025-06-24T21:16:54.562574,INFO,"Face at (424, 28, 29, 29) -> sad (0.5851)"
2025-06-24T21:16:54.616265,INFO,"Face at (272, 288, 62, 62) -> fear (0.3438)"
2025-06-24T21:16:54.618267,INFO,Emitted 3 prediction(s)
2025-06-24T21:16:55.516146,INFO,"Face at (423, 93, 27, 27) -> sad (0.5603)"
2025-06-24T21:16:55.518134,INFO,Emitted 1 prediction(s)
2025-06-24T21:16:56.022147,INFO,"Face at (272, 287, 65, 65) -> neutral (0.4457)"
2025-06-24T21:16:56.069536,INFO,"Face at (257, 216, 148, 148) -> neutral (0.8046)"
2025-06-24T21:16:56.073939,INFO,Emitted 2 prediction(s)
2025-06-24T21:16:57.049660,INFO,"Face at (272, 288, 63, 63) -> fear (0.3311)"
2025-06-24T21:16:57.052661,INFO,Emitted 1 prediction(s)
2025-06-24T21:16:57.994238,INFO,"Face at (424, 28, 29, 29) -> sad (0.6696)"
2025-06-24T21:16:58.048284,INFO,"Face at (263, 218, 145, 145) -> neutral (0.7457)"
2025-06-24T21:16:58.093933,INFO,"Face at (423, 92, 27, 27) -> sad (0.7441)"
2025-06-24T21:16:58.095942,INFO,Emitted 3 prediction(s)
2025-06-24T21:16:58.517214,INFO,"Face at (273, 289, 60, 60) -> fear (0.3352)"
2025-06-24T21:16:58.568021,INFO,"Face at (259, 216, 147, 147) -> neutral (0.8325)"
2025-06-24T21:16:58.570024,INFO,Emitted 2 prediction(s)
2025-06-24T21:16:59.021062,INFO,"Face at (423, 93, 27, 27) -> sad (0.5422)"
2025-06-24T21:16:59.078792,INFO,"Face at (273, 288, 64, 64) -> fear (0.5659)"
2025-06-24T21:16:59.143852,INFO,"Face at (252, 214, 155, 155) -> neutral (0.8242)"
2025-06-24T21:16:59.145983,INFO,Emitted 3 prediction(s)
2025-06-24T21:16:59.512102,INFO,"Face at (269, 286, 65, 65) -> fear (0.3262)"
2025-06-24T21:16:59.578284,INFO,"Face at (257, 215, 152, 152) -> neutral (0.8018)"
2025-06-24T21:16:59.581287,INFO,Emitted 2 prediction(s)
2025-06-24T21:17:00.102253,INFO,"Face at (252, 210, 157, 157) -> neutral (0.7863)"
2025-06-24T21:17:00.104252,INFO,Emitted 1 prediction(s)
2025-06-24T21:17:00.512432,INFO,"Face at (274, 284, 65, 65) -> neutral (0.3703)"
2025-06-24T21:17:00.572305,INFO,"Face at (259, 214, 151, 151) -> neutral (0.7535)"
2025-06-24T21:17:00.577067,INFO,Emitted 2 prediction(s)
2025-06-24T21:17:01.027619,INFO,"Face at (420, 214, 27, 27) -> sad (0.5694)"
2025-06-24T21:17:01.086228,INFO,"Face at (271, 284, 65, 65) -> fear (0.3724)"
2025-06-24T21:17:01.134001,INFO,"Face at (254, 212, 155, 155) -> neutral (0.7971)"
2025-06-24T21:17:01.196397,INFO,"Face at (424, 28, 29, 29) -> sad (0.6667)"
2025-06-24T21:17:01.251275,INFO,"Face at (423, 92, 28, 28) -> sad (0.5957)"
2025-06-24T21:17:01.253849,INFO,Emitted 5 prediction(s)
2025-06-24T21:17:01.508930,INFO,"Face at (420, 214, 28, 28) -> sad (0.7186)"
2025-06-24T21:17:01.509925,INFO,Emitted 1 prediction(s)
2025-06-24T21:17:01.987846,INFO,"Face at (269, 286, 65, 65) -> fear (0.3552)"
2025-06-24T21:17:02.036259,INFO,"Face at (255, 217, 147, 147) -> neutral (0.8141)"
2025-06-24T21:17:02.090827,INFO,"Face at (423, 92, 27, 27) -> sad (0.6275)"
2025-06-24T21:17:02.092826,INFO,Emitted 3 prediction(s)
2025-06-24T21:17:02.994902,INFO,"Face at (273, 279, 67, 67) -> fear (0.5784)"
2025-06-24T21:17:03.036322,INFO,"Face at (246, 200, 167, 167) -> neutral (0.7632)"
2025-06-24T21:17:03.038322,INFO,Emitted 2 prediction(s)
2025-06-24T21:17:03.540517,INFO,"Face at (258, 198, 139, 139) -> neutral (0.4124)"
2025-06-24T21:17:03.580184,INFO,"Face at (423, 92, 28, 28) -> sad (0.6564)"
2025-06-24T21:17:03.582185,INFO,Emitted 2 prediction(s)
2025-06-24T21:17:04.002131,INFO,"Face at (260, 194, 136, 136) -> fear (0.3917)"
2025-06-24T21:17:04.004633,INFO,Emitted 1 prediction(s)
2025-06-24T21:17:05.519134,INFO,"Face at (423, 93, 27, 27) -> sad (0.5750)"
2025-06-24T21:17:05.521134,INFO,Emitted 1 prediction(s)
2025-06-24T21:17:05.988604,INFO,"Face at (247, 195, 143, 143) -> neutral (0.6646)"
2025-06-24T21:17:05.990605,INFO,Emitted 1 prediction(s)
2025-06-24T21:17:06.537993,INFO,"Face at (246, 187, 136, 136) -> neutral (0.6550)"
2025-06-24T21:17:06.587517,INFO,"Face at (423, 93, 28, 28) -> sad (0.7037)"
2025-06-24T21:17:06.589514,INFO,Emitted 2 prediction(s)
2025-06-24T21:17:07.001763,INFO,"Face at (241, 184, 137, 137) -> neutral (0.6231)"
2025-06-24T21:17:07.002786,INFO,Emitted 1 prediction(s)
2025-06-24T21:17:07.500311,INFO,"Face at (254, 188, 130, 130) -> neutral (0.4310)"
2025-06-24T21:17:07.502311,INFO,Emitted 1 prediction(s)
2025-06-24T21:17:08.561050,INFO,"Face at (255, 180, 139, 139) -> sad (0.2401)"
2025-06-24T21:17:08.582162,INFO,Emitted 1 prediction(s)
2025-06-24T21:17:08.996648,INFO,"Face at (262, 185, 134, 134) -> sad (0.3094)"
2025-06-24T21:17:08.998650,INFO,Emitted 1 prediction(s)
2025-06-24T21:17:09.518553,INFO,"Face at (424, 28, 29, 29) -> sad (0.6032)"
2025-06-24T21:17:09.561874,INFO,"Face at (255, 180, 142, 142) -> neutral (0.6033)"
2025-06-24T21:17:09.563871,INFO,Emitted 2 prediction(s)
2025-06-24T21:17:10.018028,INFO,"Face at (258, 182, 138, 138) -> fear (0.4000)"
2025-06-24T21:17:10.020032,INFO,Emitted 1 prediction(s)
2025-06-24T21:17:10.532208,INFO,"Face at (423, 93, 27, 27) -> sad (0.5296)"
2025-06-24T21:17:10.573847,INFO,"Face at (264, 186, 132, 132) -> neutral (0.3623)"
2025-06-24T21:17:10.575857,INFO,Emitted 2 prediction(s)
2025-06-24T21:17:11.004005,INFO,"Face at (423, 93, 27, 27) -> sad (0.7036)"
2025-06-24T21:17:11.044911,INFO,"Face at (424, 28, 29, 29) -> sad (0.6840)"
2025-06-24T21:17:11.085004,INFO,"Face at (262, 182, 135, 135) -> sad (0.2031)"
2025-06-24T21:17:11.087005,INFO,Emitted 3 prediction(s)
2025-06-24T21:17:11.514632,INFO,"Face at (423, 93, 28, 28) -> sad (0.6067)"
2025-06-24T21:17:11.559161,INFO,"Face at (263, 184, 134, 134) -> fear (0.3475)"
2025-06-24T21:17:11.561146,INFO,Emitted 2 prediction(s)
2025-06-24T21:17:12.032232,INFO,"Face at (262, 185, 133, 133) -> sad (0.3149)"
2025-06-24T21:17:12.034233,INFO,Emitted 1 prediction(s)
2025-06-24T21:17:12.519151,INFO,"Face at (423, 93, 27, 27) -> sad (0.5307)"
2025-06-24T21:17:12.580800,INFO,"Face at (261, 183, 135, 135) -> sad (0.3170)"
2025-06-24T21:17:12.582785,INFO,Emitted 2 prediction(s)
2025-06-24T21:17:13.017783,INFO,"Face at (260, 183, 135, 135) -> sad (0.2503)"
2025-06-24T21:17:13.019669,INFO,Emitted 1 prediction(s)
2025-06-24T21:17:13.494874,INFO,"Face at (260, 181, 136, 136) -> sad (0.2816)"
2025-06-24T21:17:13.496881,INFO,Emitted 1 prediction(s)
2025-06-24T21:17:13.994758,INFO,"Face at (259, 180, 138, 138) -> neutral (0.2875)"
2025-06-24T21:17:13.996758,INFO,Emitted 1 prediction(s)
2025-06-24T21:17:14.497205,INFO,"Face at (258, 181, 139, 139) -> neutral (0.2983)"
2025-06-24T21:17:14.498214,INFO,Emitted 1 prediction(s)
2025-06-24T21:17:15.009172,INFO,"Face at (262, 183, 132, 132) -> neutral (0.2453)"
2025-06-24T21:17:15.011177,INFO,Emitted 1 prediction(s)
2025-06-24T21:17:15.551010,INFO,"Face at (259, 180, 138, 138) -> neutral (0.3971)"
2025-06-24T21:17:15.553008,INFO,Emitted 1 prediction(s)
2025-06-24T21:17:16.016371,INFO,"Face at (249, 181, 135, 135) -> fear (0.3268)"
2025-06-24T21:17:16.018370,INFO,Emitted 1 prediction(s)
2025-06-24T21:17:16.551361,INFO,"Face at (245, 180, 138, 138) -> fear (0.4802)"
2025-06-24T21:17:16.553880,INFO,Emitted 1 prediction(s)
2025-06-24T21:17:17.005861,INFO,"Face at (250, 185, 129, 129) -> fear (0.4423)"
2025-06-24T21:17:17.007865,INFO,Emitted 1 prediction(s)
2025-06-24T21:17:17.518867,INFO,"Face at (423, 93, 28, 28) -> sad (0.6605)"
2025-06-24T21:17:17.558965,INFO,"Face at (241, 180, 139, 139) -> fear (0.3817)"
2025-06-24T21:17:17.560964,INFO,Emitted 2 prediction(s)
2025-06-24T21:17:18.040330,INFO,"Face at (243, 178, 140, 140) -> fear (0.3896)"
2025-06-24T21:17:18.042711,INFO,Emitted 1 prediction(s)
2025-06-24T21:17:18.503939,INFO,"Face at (252, 185, 135, 135) -> neutral (0.5721)"
2025-06-24T21:17:18.545323,INFO,"Face at (422, 93, 28, 28) -> sad (0.5755)"
2025-06-24T21:17:18.547486,INFO,Emitted 2 prediction(s)
2025-06-24T21:17:19.001844,INFO,"Face at (423, 93, 27, 27) -> sad (0.5545)"
2025-06-24T21:17:19.042311,INFO,"Face at (251, 177, 132, 132) -> fear (0.4552)"
2025-06-24T21:17:19.044865,INFO,Emitted 2 prediction(s)
2025-06-24T21:17:19.513915,INFO,"Face at (254, 181, 132, 132) -> fear (0.6812)"
2025-06-24T21:17:19.550750,INFO,"Face at (423, 92, 28, 28) -> sad (0.7096)"
2025-06-24T21:17:19.552752,INFO,Emitted 2 prediction(s)
